{
   "msno": null,
   "city": 3.847357689439045,
   "bd": 9.795794295951842,
   "gender": "MISSING",
   "registered_via": 5.253068739619761,
   "registration_init_time": 20145175.906336136,
   "mean_date": 20170315.93464931,
   "count_of_logs": 16.66520210100249,
   "mean_num_25": 5.666415927475359,
   "mean_num_50": 1.3949492602927958,
   "mean_num_75": 0.8277526807209287,
   "mean_num_985": 0.8977307995246584,
   "mean_num_100": 23.88650755071934,
   "mean_num_unq": 23.955021170945344,
   "mean_total_secs": 6295.671096014149,
   "number_transactions_done": 0,
   "mean_payment_plan_days": 74.96223341799798,
   "total_payment_plan_days": 83.97465459601237,
   "mean_plan_list_price": 319.9631682449208,
   "mean_actual_amount_paid": 319.65275144216855,
   "total_actual_amount_paid": 359.78533255865324,
   "mean_is_auto_renew": 0.7450334881105166,
   "mean_transaction_date": 20169210.44197371,
   "mean_membership_expire_date": 20170825.152661294,
   "mean_is_cancel": 0,
   "total_transactions_cancelled": 0
}